Few Good Men, A (1992)/Bacon, Kevin/Berkeley, Xander/Bodison, Wolfgang/Bowe, David/Caesar, Harry/Cavestani, Frank/Craven, Matt/Cruise, Tom/DeLorenzo, Michael/Gooding Jr., Cuba/Guest, Christopher/Jackson, John M./Jordan, Oscar/Lowe, Lawrence/Malina, Joshua/Marshall, James/Mathews, John M./Moore, Demi/Munroe, Jan/Nauffts, Geoffrey/Nicholson, Jack/Ostrow, Ron/Pollak, Kevin/Preston, J.A./Saks, Matthew/Senzy, Arthur/Sorkin, Aaron/Sutherland, Kiefer/Thor, Cameron/Walsh, J.T./Wexo, Alex/Whittington, Gene/Winchester, Maud/Wyle, Noah
Animal House (1978)/Allen, Karen/Bacon, Kevin/Baur, Lisa/Belushi, John/Bishop, Stephen/Bloom, Verna/Bonnheim, Bruce/Cray, Robert/Daniel, Joshua/Danova, Cesare/Daughton, James/Denning, Katherine/Dumas, Jebidiah R./Eby, Rick/Elliott, Robert/Farmer, Reginald/Freeman, John/Furst, Stephen/Greenlough, Rick/Grooman, Stacy/Holcomb, Sarah/Hulce, Tom/Jacklin, Judy/Jessie, DeWayne/Johnson, Sunny/Jurgenson, Aseneth/Kenney, Douglas/Lauris, Priscilla/Matheson, Tim/McCartin, Sean/McGill, Bruce/Metcalf, Mark/Miller, Chris/Riegert, Peter/Roberts, Eliza/Robinson, Raymone/Simonds, Fred/Smith, Martha/Sutherland, Donald/Vernon, John/Vick, Helen/Weller, Mary Louise/Widdoes, James
Apollo 13 (1995)/Allen, Ivan/Andrews, David/Bacon, Kevin/Barry, Thom/Berkeley, Xander/Bernie, Steve/Bishop, John/Blake, Geoffrey/Bode, Ben/Bruno, Jon/Cavestani, Frank/Clemenson, Christian/Conley, Jack/Connolly, Michael S./Corman, Roger/Crawford, Thomas/Cronkite, Walter/Cullen, Brett/Culp, Joseph/Dean, Loren/Dickinson, Misty/Donatt, Julie/Dullaghan, John/Duvall, Wayne/Ellis, Chris/Fields, Christopher John/Goodall, Matthew/Goodall, Taylor/Gress, Googy/Grodenchik, Max/Hallowell, Todd/Hanks, Tom/Hanley, Maureen/Harris, Ed/Holihan, Ryan/Howard, Cheryl/Howard, Clint/Howard, Jean Speegle/Howard, Rance/Hughes, Miko/Hules, Endre/Jarret, Gabriel/Jefferson Jr., Herb/Jenkins, Jane/Kluger, Jeffrey/Lipschultz, Andrew/Little, Michele/Lloyd, Emily Ann/Louiso, Todd/Lovell, Jim/Lovell, Marilyn/Mantee, Paul/Marie, Louisa/Markinson, Brian/Marley, Ben/Martin, Karen/Mathews, John M./Matusek, Lee Anne/McClure, Marc/McKeel, Mark/McKinnon, Ray/Meskimen, Jim/Mickler, Patrick/Milder, Andy/Newman, Mark D./O'Brien, Austin/Paxton, Bill/Quinlan, Kathleen/Rankin, Steve/Raya, Patty/Reiner, Tracy/Ritz, James/Rudy, Reed/Ruge, Steve/Schellhardt, Mary Kate/Senzy, Arthur/Short, John/Sinise, Gary/Slade, Max Elliott/Spano, Joe/Vaughn, Ned/Wheeler, John/Wheeler, Mark/White, Kenneth/Williams, Larry B./Williams, Meadow/Wood, Tom/Wright, Bruce/Yorke, Carl Gabriel/von Huene, Walter
Rock, The (1996)/Anderson, Stanley/Anselmo, Robert M./Berkeley, Xander/Besgrove, Robert C./Biehn, Michael/Bowe, David/Cage, Nicolas/Caviezel, James/Chalker, Dennis/Clark, Anthony/Collins, Greg/Connery, Sean/Cruz, Raymond/Decker, Steve/Devlin, Billy/Enos III, John/Ford, Jack/Forlani, Claire/Forsythe, William/Garson, Willie/Gaver, Duffy/Georg Struhar, Hans/Grant, David Marshall/Guidera, Anthony/Hageboeck, Thomas J./Hall, Philip Baker/Harris, Ed/Harris, Steve/Hawes, Joseph/Hicks, Dwight/Humphries, Harry/Kartalian, Buck/Kells, Ken/Kelly, Brendan/Kelly, Joseph Patrick/Krelle, Raquel/Laughlin, John/Louiso, Todd/Love Jr., John W./Luenell, Jane Sanguinetti/Mahrer, Mike/Maniaci, Jim/Marcil, Vanessa/McGinley, John C./McMahan, Leonard/Morse, David/Nathan, John/Neuhaus, Ingo/Nucci, Danny/O'Connor, Raymond/Peduto, Ralph/Platt, Howard/Rajab, Robert Ben/Riojas, Juan A./Ryan, Andy/Salvallon, Fred/Sandoval, Carlos/Simmons, Ronald/Skelton, Sean/Spencer, John/Sporleder, Gregory/Teague, Marshall R./Todd, Tony/Toms, Rick/Towles, Tom/Weaver, Celeste/Whipple, Sam/Wilson, Stuart/Woodbine, Bokeem/Yates, Jack